{
  "meta": {
    "moduleIndex": 8,
    "moduleId": "0:1752",
    "moduleName": "矩形备份",
    "slug": "矩形备份",
    "fileName": "08-矩形备份.json",
    "position": {
      "x": 12,
      "y": 296,
      "width": 351,
      "height": 440
    },
    "nodeCount": 1,
    "resolvedNodeCount": 1,
    "textCount": 0,
    "textsResolved": 0,
    "sectionIndexes": [
      8
    ],
    "styleCounts": {
      "paints": 2,
      "fonts": 0,
      "effects": 1
    },
    "assetCounts": {
      "bitmaps": 0,
      "svgs": 0,
      "d2cSvgIcons": 1,
      "d2cExportImages": 0
    },
    "imageCount": 0,
    "d2cMatched": true,
    "d2cMatchDistance": 0.064,
    "d2cNodeCssCount": 0,
    "missingStyleRefs": []
  },
  "sections": [
    {
      "sectionIndex": 8,
      "id": "0:1752",
      "name": "矩形备份",
      "type": "PATH",
      "nodeCount": 1,
      "x": 12,
      "y": 296,
      "width": 351,
      "height": 440,
      "structureSiblingCount": 1
    }
  ],
  "assets": {
    "bitmaps": [],
    "svgs": {}
  },
  "node": {
    "id": "0:1752",
    "name": "矩形备份",
    "type": "PATH",
    "layoutStyle": {
      "width": 351,
      "height": 440,
      "relativeX": 12,
      "relativeY": 296,
      "rotate": 0,
      "rotateX": null
    },
    "bounds": {
      "x": 12,
      "y": 296,
      "width": 351,
      "height": 440
    },
    "opacity": null,
    "fill": [
      "linear-gradient(180deg, #DCEBFF -3%, #FFFFFF 13%, rgba(255, 255, 255, 0.8) 100%)",
      "linear-gradient(180deg, #DCEBFF -3%, #FFFFFF 13%, rgba(255, 255, 255, 0.8) 100%)"
    ],
    "effect": {
      "boxShadow": [],
      "filter": [],
      "backdropFilter": [
        "backdrop-filter: blur(8.16px);"
      ],
      "raw": [
        "backdrop-filter: blur(8.16px);"
      ]
    },
    "borderRadius": null,
    "strokeAlign": null,
    "strokeColor": null,
    "strokeType": null,
    "strokeWidth": null,
    "mask": null,
    "path": [
      {
        "data": "M28,296L347,296C352.60052,296,355.46411,296.011330247,357.59558,297.1161817C359.43021,298.0671659,360.93283,299.5697842,361.88382,301.4044237C362.98868,303.5358891,363,306.399467,363,311.999999L363,720C363,725.60052,362.98868,728.46411,361.88382,730.5955799999999C360.93283,732.43021,359.43021,733.93283,357.59558,734.88382C355.46411,735.9886799999999,352.60052,736,347,736L27.999992,736C22.399467,736,19.5358891,735.9886799999999,17.4044237,734.88382C15.5697842,733.93283,14.0671659,732.43021,13.1161817,730.5955799999999C12.011330247,728.46411,12,725.60052,12,720L11.999999999999993,312.000011C11.999999999999993,306.399467,12.011337042,303.5358915,13.1161817,301.4044237C14.0671659,299.5697842,15.5697842,298.0671659,17.4044237,297.1161817C19.535891499999998,296.011337042,22.399467,296,28,296",
        "fill": [
          "linear-gradient(180deg, #DCEBFF -3%, #FFFFFF 13%, rgba(255, 255, 255, 0.8) 100%)",
          "linear-gradient(180deg, #DCEBFF -3%, #FFFFFF 13%, rgba(255, 255, 255, 0.8) 100%)"
        ],
        "transform": null
      },
      {
        "data": "M28,296L347,296C352.60052,296,355.46411,296.011330247,357.59558,297.1161817C359.43021,298.0671659,360.93283,299.5697842,361.88382,301.4044237C362.98868,303.5358891,363,306.399467,363,311.999999L363,720C363,725.60052,362.98868,728.46411,361.88382,730.5955799999999C360.93283,732.43021,359.43021,733.93283,357.59558,734.88382C355.46411,735.9886799999999,352.60052,736,347,736L27.999992,736C22.399467,736,19.5358891,735.9886799999999,17.4044237,734.88382C15.5697842,733.93283,14.0671659,732.43021,13.1161817,730.5955799999999C12.011330247,728.46411,12,725.60052,12,720L12,312.000011C12,306.399467,12.011337042,303.5358915,13.1161817,301.4044237C14.0671659,299.5697842,15.5697842,298.0671659,17.4044237,297.1161817C19.535891499999998,296.011337042,22.399467,296,28,296ZM28,297.4999999Q19.9234228,297.4999999,18.0947223,298.4479058Q15.6928921,299.6928928,14.447905500000001,302.0947218Q13.5,303.9234219,13.5,312.000011L13.5000001,720Q13.5000002,728.0766,14.4479036,729.90527Q15.6928999,732.3071,18.094727,733.55209Q19.9234056,734.5,27.999992,734.5L347,734.5Q355.0766,734.5,356.90527,733.55209Q359.3071,732.3071,360.55209,729.90527Q361.5,728.0766,361.5,720L361.5,311.999999Q361.5,303.9234066,360.55209,302.0947251Q359.3071,299.6928995,356.90527,298.4479041Q355.0766,297.5,347,297.5L28,297.4999999Z",
        "fill": "rgba(255, 255, 255, 0.8)",
        "transform": null
      }
    ],
    "text": null,
    "textRuns": null,
    "textAlign": null,
    "textMode": null,
    "textColor": null,
    "hasSvg": false,
    "exportImage": null,
    "styleRefs": {
      "effect": "effect_0:115"
    },
    "componentDefinition": null,
    "d2cCss": {
      "-webkit-background-clip": null,
      "-webkit-text-fill-color": null,
      "background": null,
      "background-clip": null,
      "background-image": null,
      "border": null,
      "border-bottom-left-radius": null,
      "border-radius": null,
      "border-top-left-radius": null,
      "bottom": null,
      "box-shadow": null,
      "color": null,
      "filter": null,
      "flex": null,
      "font-family": null,
      "font-size": null,
      "height": null,
      "left": null,
      "letter-spacing": null,
      "line-height": null,
      "mix-blend-mode": null,
      "object-fit": null,
      "opacity": null,
      "overflow": null,
      "position": null,
      "right": null,
      "text-align": null,
      "text-fill-color": null,
      "text-shadow": null,
      "top": null,
      "transform": null,
      "transform-origin": null,
      "width": null,
      "z-index": null
    },
    "d2cMatch": null,
    "sources": [
      "getDsl"
    ],
    "captureStatus": "complete",
    "children": []
  },
  "d2c": {
    "html": "<div\n        style=\"position: absolute; left: 3.2%; right: 3.2%; top: 10.28%; bottom: 74.44%; z-index: 8\">\n        <img src=\"./asset/icons/svg_f8116ee6.svg\" />\n      </div>",